北海道,ア,アールベルアンジェ札幌,
北海道,ア,ICF札幌リラベル教会,
北海道,イ,イマジン ホテル&リゾート 函館（IMAGINE Hotel&Resort HAKODATE）,
北海道,エ,ANAクラウンプラザホテル札幌,
北海道,エ,エルム ガーデン,
北海道,オ,オーベルジュ・ド・リル サッポロ,
北海道,グ,グローヴウィズアクアスタイル（GLOVE WITH AQUA STYLE）,
北海道,グ,GLLARE MARUYAMA（グラーレ マルヤマ）,
北海道,グ,グランドホテルニュー王子,
北海道,ケ,京王プラザホテル札幌,
北海道,コ,氷の教会,
北海道,サ,札幌パークホテル,
北海道,サ,札幌グランドホテル,
北海道,サ,札幌ブランバーチ・チャペル,
北海道,ザ,the Terrace（ザ テラス）,
北海道,シ,シャトレーゼ ガトーキングダムサッポロ,
北海道,ジ,ジャルダン・ドゥ・ボヌール,
北海道,ジ,JRタワーホテル日航札幌,
北海道,セ,センティール・ラ・セゾン中島公園,
北海道,セ,センティール・ラ・セゾン 函館山,
北海道,セ,センチュリーロイヤルホテル,
北海道,チ,小さな結婚式 札幌店,
北海道,チ,チャペル・ド・コフレ札幌,
北海道,チ,小さな結婚式 小樽店,
北海道,ニ,THE NIDOM RESORT WEDDING（ニドムリゾートウエディング）,
北海道,ノ,ノーザンホースパーク,
北海道,ヒ,ヒルサイドクラブ迎賓館(札幌) ,
北海道,ピ,ピエトラ・セレーナ（Pietra Serena）,
北海道,フ,FINCH of AMAZING DINER（フィンチ オブ アメージングダイナー）,
北海道,ブ,ブランシュメゾン,
北海道,ブ,ブルーミントンヒル,
北海道,プ,プレミアホテル 中島公園 札幌,
北海道,プ,プレミアホテル-TSUBAKI-札幌,
北海道,ベ,ベルクラシック旭川,
北海道,ホ,ホテルモントレエーデルホフ札幌,
北海道,ホ,ホテルモントレ札幌,
北海道,ホ,星野リゾート トマム 水の教会（ホシノリゾート トマム ミズノキョウカイ）,
北海道,ホ,ホテル札幌ガーデンパレス,
北海道,ホ,北海道神宮,
北海道,ホ,ホテルクラビーサッポロ ゲストハウスバーレイ,
北海道,ホ,ホテルポールスター札幌,
北海道,ホ,ホテルライフォート札幌,
北海道,ミ,宮の森フランセス教会,
北海道,モ,藻岩シャローム教会,
北海道,モ,森のスパリゾート 北海道ホテル,
北海道,リ,RiN SQUARE（リン スクエア）,
北海道,レ,レストランMINAMI,
北海道,ロ,ローズガーデンクライスト教会,
北海道,ロ,ロイトン札幌,
東京,ア,アーカンジェル代官山,
東京,ア,アーフェリーク白金,
東京,ア,Harmonie agreable （旧名：マノワール・ディノ）（アーモニーアグレアーブル）,
東京,ア,アヴァンセ リアン 東京（AVANCER LIEN TOKYO）,
東京,ア,青山迎賓館,
東京,ア,青山フェアリーハウス,
東京,ア,赤坂アプローズスクエア迎賓館,
東京,ア,赤坂氷川神社,
東京,ア,赤坂プリンス クラシックハウス,
東京,ア,浅草 中清,
東京,ア,浅草神社,
東京,ア,浅草ビューホテル,
東京,ア,麻布グレイスゴスペル教会 セントメアリー記念礼拝堂,
東京,ア,麻布迎賓館,
東京,ア,アニヴェルセル 表参道,
東京,ア,アニヴェルセル 立川,
東京,ア,Anniversary.An EBISU（アニバーサリー アン 恵比寿）,
東京,ア,アプローズスクエア 東京迎賓館（アプローズスクエアトウキョウゲイヒンカン）,
東京,ア,アフロディテ,
東京,ア,有栖川清水,
東京,ア,アルカンシエル南青山,
東京,ア,アルジェント,
東京,ア,アルマリアン TOKYO（ALMALIEN TOKYO）,
東京,ア,アルモニーソルーナ 表参道,
東京,ア,アンジェパティオ,
東京,ア,アンジェリオン オ プラザ TOKYO（Angelion au plaza TOKYO）,
東京,ア,Angelo Court Tokyo（アンジェロコート東京）,
東京,ア,アンジェロコート東京 （旧名：リュド・ヴィンテージ目白）,
東京,ア,アンダーズ 東京,
東京,ア,アンティカ・オステリア・デル・ポンテ,
東京,ア,アンフェリシオン,
東京,イ,N/A,
東京,ウ,ウェスティンホテル東京,
東京,ウ,ウエストシティホール&ウエディングアイ(新宿ワシントンホテル内),
東京,ウ,うかい鳥山,
東京,ヴ,ヴィクトリアガーデン恵比寿迎賓館,
東京,ヴ,ヴィラ・デ・マリアージュ多摩南大沢,
東京,エ,ANAインターコンチネンタルホテル東京,
東京,エ,ENEKO Tokyo（エネコ東京）,
東京,エ,L'BRIGHT HOUSE（エルブライトハウス）,
東京,エ,エレガンテヴィータ,
東京,エ,エメ・ヴィベール,
東京,オ,大國魂神社 結婚式場（おおくにたまじんじゃ）,
東京,オ,The Okura Tokyo（オークラ トウキョウ）,
東京,オ,オーシャンビューチャペル東京ベイ,
東京,オ,オーベルジュ・ド・リル トーキョー,
東京,オ,小笠原伯爵邸,
東京,オ,オテル・ドゥ・ミクニ,
東京,オ,表参道TERRACE,
東京,オ,表参道bamboo（オモテサンドウ バンブー）,
東京,カ,カーサ アスティオン,
東京,カ,Casa d' Angela Aoyama（カサ・デ・アンジェラ青山）,
東京,カ,霞山会館（KAZAN KAIKAN）,
東京,カ,Restaurant Casita（レストランカシータ）,
東京,カ,嘉ノ雅 茗渓館（かのびめいけいかん）,
東京,カ,CAFE&WEDDING22（カフェアンドウェディングトゥエンティーツー）,
東京,カ,カリフォルニアキュイジーヌ WINDS（ウインズ）,
東京,カ,神田明神結婚式場 明神会館,
東京,ガ,ガーデンシティ品川,
東京,ガ,学士会館,
東京,キ,Q.E.D CLUB（キューイーディークラブ）,
東京,キ,旧石丸邸 ガーデンテラス広尾（Garden Terrace HIROO residence ISHIMARU）,
東京,キ,旧細川侯爵邸 和敬塾本館,
東京,キ,旧細川侯爵邸 和敬塾本館,
東京,キ,キンプトン新宿東京,
東京,ギ,天使の住む・御苑チャペル（てんしのすむぎょえんちゃぺる）,
東京,ギ,銀座ブロッサム,
東京,ク,クラシカ表参道,
東京,ク,CROSS TOKYO（クロストーキョー）,
東京,グ,グランドニッコー東京 台場,
東京,グ,グランド ハイアット 東京,
東京,グ,グラン ブリエ 東京（ＧＲＡＮＤ ＢＲＩＬＬＥＲ ＴＯＫＹＯ）,
東京,ケ,京王プラザホテル,
東京,ケ,京王プラザホテル八王子,
東京,ケ,KKRホテル東京（ケイケイアールホテルトウキョウ）,
東京,ゲ,玄冶店 濱田家（げんやだな はまだや）,
東京,コ,コートヤード・マリオット銀座東武ホテル,
東京,コ,国際文化会館（International House of Japan）,
東京,コ,コンラッド東京,
東京,ゴ,西麻布SUSHI権八,
東京,サ,サバティーニ・ディ・フィレンツェ東京,
東京,サ,St.AQUA（サンアクア）,
東京,サ,サンス・エ・サヴール,
東京,サ,サンリオピューロランド,
東京,ザ,ザ・キャピトルホテル 東急,
東京,ザ,THE GRAND GINZA（ザ グラン銀座）,
東京,ザ,ザ・クルーズクラブ東京,
東京,ザ,ザ コルトーナ シーサイド台場,
東京,ザ,ザ ストリングス表参道,
東京,ザ,THE TENDER HOUSE（ザ テンダーハウス）,
東京,ザ,ザ・プリンス パークタワー東京,
東京,ザ,The Place of Tokyo（ザ プレイス オブ トウキョウ）,
東京,ザ,ザ・ペニンシュラ東京,
東京,ザ,ザ マグナス TOKYO（THE MAGNUS TOKYO）,
東京,ザ,30名までの少人数&おもてなしウェディング THE LANDMARK SQUARE TOKYO,
東京,ザ,ザ・リッツ・カールトン東京,
東京,ザ,ザ・リュクス銀座,
東京,ザ,ザ・レギャントーキョー（THE LEGIAN TOKYO）,
東京,ザ,ザ ロイヤルパークホテル 東京汐留 （旧名：ロイヤルパークホテル ザ 汐留）,
東京,シ,シェ松尾・青山サロン,
東京,シ,シェ松尾 松涛レストラン,
東京,シ,シェラトン都ホテル東京,
東京,シ,品川プリンスホテル,
東京,シ,シャトーレストラン ジョエル・ロブション,
東京,シ,シャルマンシーナ TOKYO（CHARMANT SCENA TOKYO）,
東京,シ,シャングリ・ラ 東京,
東京,シ,白金迎賓館 アートグレイスクラブ（シロガネゲイヒンカン アートグレイスクラブ）,
東京,シ,THINGS Aoyama Organic Garden,
東京,シ,新宿 十二社熊野神社,
東京,シ,シンフォニー クルーズ TOKYOベイ,
東京,ジ,ジールウェディングクルーズ,
東京,ジ,N/A,
東京,ジ,重要文化財 自由学園 明日館,
東京,ジ,如水会館（じょすいかいかん）,
東京,ス,ステラート,
東京,ス,ステリーナ教会,
東京,ス,ストリングスホテル東京インターコンチネンタル,
東京,セ,世田谷美術館レストランル・ジャルダン,
東京,セ,セルリアンタワー東急ホテル,
東京,セ,セレス高田馬場サンタアンジェリ大聖堂,
東京,セ,セレス立川,
東京,セ,センチュリーコート丸の内,
東京,セ,青山セントグレース大聖堂,
東京,セ,セント・ラファエロチャペル東京,
東京,ゼ,XEX ATAGO GREEN HILLS（ゼックス 愛宕 グリーンヒルズ）,
東京,ゼ,XEX TOKYO（ゼックス 東京）,
東京,ゼ,XEX 日本橋（ゼックス 日本橋）,
東京,ソ,ソンブルイユ,
東京,タ,高輪 貴賓館,
東京,タ,タピルージュ,
東京,タ,タブローズ,
東京,ダ,第一ホテル東京,
東京,ダ,第一ホテル東京シーフォート,
東京,ダ,第一ホテル東京シーフォート,
東京,ダ,代官山 鳳鳴館（だいかんやま ほうめいかん）,
東京,ダ,代官山ラブレー,
東京,チ,小さな結婚式 表参道店,
東京,チ,小さな結婚式 第一ホテル東京シーフォート,
東京,チ,小さな結婚式 お台場店,
東京,チ,Chapel TENKEI & MARRY（チャペル テンケイ アンド マリー）,
東京,チ,Chapel Kagura（チャペル カグラ）,
東京,チ,チャペルブレスアスオール新宿店,
東京,チ,茶寮一松,
東京,ツ,つきじ治作,
東京,ツ,T'SUKI sur la mer （旧名：T'SUKI CLUBNYX）（ツキ シュール ラメール）,
東京,ツ,綱町三井倶楽部（つなまちみついくらぶ）,
東京,テ,帝国ホテル東京,
東京,テ,TERAKOYA,
東京,ト,東京會舘,
東京,ト,東京グランドホテル/パンセ,
東京,ト,東京ステーションホテル,
東京,ト,東京大神宮マツヤサロン,
東京,ト,東京ドームホテル,
東京,ト,東京ベイ有明ワシントンホテル,
東京,ト,東京マリオットホテル,
東京,ト,東郷神社/原宿 東郷記念館,
東京,ト,東郷神社・ルアール東郷 ラ・グランド・メゾンHiroyukiSAKAI,
東京,ト,東武ホテルレバント東京,
東京,ト,TRUNK HOTEL（トランクホテル）,
東京,ナ,中野サンプラザ,
東京,ノ,乃木神社/乃木會館,
東京,ハ,八王子エルシィ,
東京,ハ,八王子ホテルニューグランド(グランドビクトリア八王子),
東京,ハ,八芳園,
東京,ハ,葉山庵Tokyo,
東京,ハ,八芳園 料亭 壺中庵,
東京,バ,バトゥール トーキョー（BATUR TOKYO）,
東京,バ,バリラックス ザ ガーデン 新宿,
東京,パ,パーク ハイアット 東京,
東京,パ,ヒルサイドバンケット パッション,
東京,パ,パトリック・キソ・ガーデン,
東京,パ,パラッツォ エ マーレ（Palazzo e mare）,
東京,パ,パラッツォ ドゥカーレ 麻布（Palazzo Ducale AZABU）,
東京,パ,Palace Hotel Tachikawa（パレスホテルタチカワ）,
東京,パ,パレスホテル東京（PALACE HOTEL TOKYO）,
東京,ヒ,日枝あかさか,
東京,ヒ,日枝神社,
東京,ヒ,響 品川（ひびきしながわ）,
東京,ヒ,響 風庭 赤坂（ひびきふうていあかさか）,
東京,ヒ,響 丸の内（ひびきまるのうち）,
東京,ヒ,日比谷パレス,
東京,ヒ,ヒルサイドクラブ迎賓館(八王子),
東京,ヒ,ヒルトン東京,
東京,ヒ,ヒルトン東京お台場,
東京,フ,Fish Bank TOKYO（フィッシュバンクトーキョー）,
東京,フ,フェリーチェガーデン 日比谷,
東京,フ,フェリチタ,
東京,フ,フォレスト・イン昭和館,
東京,フ,フォレストテラス明治神宮,
東京,フ,船堀マツヤサロン,
東京,フ,仏蘭西舎すいぎょく（ふらんすやすいぎょく）,
東京,フ,フランセス教会,
東京,ブ,BENOIT,
東京,ブ,ブラッスリー ポール・ボキューズ 銀座,
東京,ブ,ブルーム （旧名：ブルームホール）,
東京,ホ,法曹会館（ほうそうかいかん）,
東京,ホ,ホテル グランドアーク半蔵門,
東京,ホ,ホテルイースト21東京 オークラホテルズ&リゾーツ,
東京,ホ,ホテル インターコンチネンタル 東京ベイ,
東京,ホ,ホテルエミシア東京立川 （旧名：立川グランドホテル）,
東京,ホ,ホテル雅叙園東京,
東京,ホ,ホテルグランドヒル市ヶ谷,
東京,ホ,ホテル椿山荘東京,
東京,ホ,ホテル日航立川 東京,
東京,ホ,ホテルニューオータニ,
東京,ホ,ウェディングスホテル・ベルクラシック東京,
東京,ホ,ホテルメトロポリタン,
東京,ホ,ホテルメトロポリタンエドモント,
東京,ホ,ホテル メルパルク東京,
東京,ホ,ホテルモントレ赤坂,
東京,ホ,ホテルモントレ銀座,
東京,ホ,ホテルラングウッド,
東京,ホ,ホテルローズガーデン新宿,
東京,ボ,Bon Bon Bon La faitmaison（ボンボンボン ラ フェメゾン）,
東京,マ,MARRYGRANT AKASAKA （旧名：赤坂シュビア）（マリーグラン アカサカ）,
東京,マ,マンダリン オリエンタル 東京（マンダリン オリエンタル トウキョウ）,
東京,ミ,南青山サンタキアラ教会,
東京,ミ,南青山ル・アンジェ教会,
東京,メ,明治神宮 明治記念館,
東京,メ,Maison Premiere（メゾン プルミエール）,
東京,メ,メゾン ポール・ボキューズ,
東京,メ,目白の森 メイヤー・ライニンガーチャペル,
東京,ヤ,山の上ホテル,
東京,ユ,ゆうぽうと,
東京,ユ,湯島天満宮(湯島天神),
東京,ヨ,代々木八幡宮,
東京,ヨ,代々木VILLAGE,
東京,ラ,LA VIE CLAIR（ラ ヴィ クレール）,
東京,ラ,LAGUNAVEIL ATELIER（ラグナヴェール アトリエ）,
東京,ラ,ラグナヴェール TOKYO（LAGUNAVEIL TOKYO）,
東京,ラ,Le chic unjour（ラシック アンジュール）,
東京,ラ,ラ・ブラスリー(アンスティチュ・フランセ東京),
東京,ラ,ララシャンスガーデン 東京ベイ,
東京,ラ,ラリアンス,
東京,ラ,ラ・ロシェル山王（La Rochelle SANNO）,
東京,リ,リーガロイヤルホテル東京,
東京,リ,リストランテASO,
東京,リ,Riverside Cafe Cielo y Rio（リバーサイドカフェ シエロイリオ）,
東京,リ,リビエラ東京,
東京,ル,LUCIS（ルーキス）,
東京,ル,ルーデンス立川ウエディングガーデン,
東京,ル,ルクリアモーレ池袋駅前,
東京,ル,ルクリアモーレ表参道,
東京,ル,ルクリアモーレ汐留,
東京,ル,ルクリアモーレ東京駅前,
東京,ル,ルクリアモーレ南青山,
東京,ル,ルシェルブラン表参道,
東京,ル,ルミアモーレ,
東京,ル,ルミヴェール TOKYO（LUMIVEIL TOKYO）,
東京,レ,レガート,
東京,レ,レストラン マダム・トキ,
東京,レ,レストランパッション,
東京,レ,レストラン・ダズル 銀座（DAZZLE）,
東京,レ,レストランひらまつ レゼルヴ,
東京,レ,RESTAURANT LUKE with SKY LOUNGE（レストラン ルーク ウィズ スカイラウンジ）,
東京,ロ,ロアラブッシュ,
東京,ロ,Royal Garden Palace 八王子日本閣,
東京,ロ,ロイヤルパークホテル,
東京,ロ,LOS ANGELES BALCONY（ロサンジェルス バルコニー）,
東京,ロ,ロザンジュイア 広尾迎賓館,
神奈川,ア,アイルマリー横浜,
神奈川,ア,アニヴェルセル みなとみらい横浜,
神奈川,ア,横浜アートグレイス・ポートサイドヴィラ,
神奈川,ア,アニヴェルセル ヒルズ 横浜,
神奈川,ア,アルカンシエル横浜 リュクスマリアージュ,
神奈川,ア,AMANDAN BLUE 鎌倉（アマンダンブルー鎌倉）,
神奈川,ア,アクアテラス迎賓館(新横浜),
神奈川,ア,AMANDAN HILLS（アマンダンヒルズ）,
神奈川,ア,アルテリーベ横浜本店,
神奈川,イ,伊勢山ヒルズ,
神奈川,イ,伊勢山皇大神宮（いせやまこうたいじんぐう）,
神奈川,イ,出雲大社相模分祠,
神奈川,オ,大磯迎賓舘,
神奈川,カ,カサ・デ・アンジェラ（Casa d' Angela）,
神奈川,カ,隠れ里 車屋（かくれさと くるまや）,
神奈川,カ,鎌倉プリンスホテル,
神奈川,カ,鎌倉宮,
神奈川,カ,小さな結婚式 川崎チャペル,
神奈川,キ,崎陽軒本店（きようけんほんてん）,
神奈川,コ,コルティーレ茅ヶ崎,
神奈川,コ,KOTOWA 鎌倉 鶴ヶ岡会館,
神奈川,コ,コットンハーバークラブ(横浜),
神奈川,コ,古我邸,
神奈川,サ,三渓園 鶴翔閣(横浜市指定有形文化財),
神奈川,ザ,ザ コンチネンタル横浜,
神奈川,ザ,ザ クラブ オブ エクセレント コースト(The Club of EXCELLENT COAST),
神奈川,ザ,THE GRAND ORIENTAL MINATOMIRAI（グランドオリエンタル みなとみらい）,
神奈川,ザ,THE CLASSICA BAY RESORT (ザ クラシカ ベイリゾート),
神奈川,ザ,ザ・ウィングス海老名,
神奈川,ザ,ザ・シーズンズ（THE SEASON'S）,
神奈川,シ,新横浜グレイスホテル/ロゼアン シャルム（シンヨコハマグレイスホテル ロゼアンシャルム）,
神奈川,シ,湘南セント・ラファエロチャペル,
神奈川,シ,新横浜国際ホテル  ウェディング  マナーハウス,
神奈川,シ,指帆亭 Shihantei Pine Tree Resort,
神奈川,シ,新横浜プリンスホテル,
神奈川,シ,ゲストハウス フェインfaein,
神奈川,ス,SCAPES THE SUITE（スケープス ザ スイート）,
神奈川,セ,セントパトリック・チャーチ/ロイヤルホールヨコハマ,
神奈川,セ,セントアクアチャペルみなとみらい,
神奈川,ソ,Socia21（ソシア21）,
神奈川,チ,小さな結婚式 横浜店,
神奈川,チ,茅ヶ崎迎賓館,
神奈川,チ,CITTA' WEDDING（チッタウェディング）,
神奈川,ツ,鎌倉 鶴岡八幡宮,
神奈川,テ,ティアラガーデンズ横浜,
神奈川,ノ,ノートルダム横浜みなとみらい,
神奈川,ハ,ハートコート横浜,
神奈川,ハ,葉山ホテル音羽ノ森 別邸,
神奈川,ハ,箱根の森高原教会/ホテルグリーンプラザ箱根,
神奈川,ヒ,ヒルトン小田原リゾート&スパ,
神奈川,ヒ,ヒルサイドガーデン,
神奈川,フ,富士屋ホテル,
神奈川,ブ,ブリーズベイホテル,
神奈川,ブ,ブラッスリー・ティーズ・ミュゼ,
神奈川,ベ,BAYSIDE GEIHINKAN VERANDA minatomirai（ベイサイドゲイヒンカンヴェランダミナトミライ）,
神奈川,ホ,ホテルニューグランド,
神奈川,ホ,ホテルモントレ横浜,
神奈川,ホ,ホテルメルパルクYOKOHAMA,
神奈川,ホ,グランドビクトリア湘南/ホテルサンライフガーデン,
神奈川,ホ,ホテルラポール千寿閣(セントラポール教会)（ホテルラポールセンジュカク）,
神奈川,ホ,報徳二宮神社/報徳会館,
神奈川,ホ,HOTEL PLUMM,
神奈川,ホ,ホテル横浜ガーデン,
神奈川,マ,Mana Terrace -BY THE SEA-（マナ テラス バイ ザ シー）,
神奈川,ミ,みなとみらい sea＆terrace ～DANZERO～,
神奈川,メ,メルヴェーユ,
神奈川,モ,モンテファーレ,
神奈川,モ,元町セントポールチャペル,
神奈川,ヤ,山手迎賓館(元町),
神奈川,ヤ,山手十番館ウエディング ハウス&ガーデン,
神奈川,ユ,湯本富士屋ホテル,
神奈川,ヨ,ヨコハマ グランド インターコンチネンタル ホテル,
神奈川,ヨ,横浜迎賓館,
神奈川,ヨ,萬屋本店- KAMAKURA HASE est1806 -,
神奈川,ヨ,横浜ロイヤルパークホテル(横浜ランドマークタワー内),
神奈川,ヨ,横浜ベイホテル東急,
神奈川,ヨ,横浜ベイシェラトンホテル&タワーズ,
神奈川,ヨ,YOKOHAMA MONOLITH（横浜モノリス）,
神奈川,ラ,ラ・バンク・ド・ロア(横浜市指定有形文化財),
神奈川,ラ,ラグナスイート 新横浜 ホテル&ウエディング,
神奈川,ラ,ラ・マーレ（LA MAREE）,
神奈川,ラ,L'ENTRACTE（ラントラクト）,
神奈川,ラ,Raffino Ocean ラフィーノオーシャン,
神奈川,リ,リビエラ逗子マリーナ,
神奈川,ル,ルクリアモーレ新横浜,
神奈川,レ,レグリーズ・鎌倉（L`EGLISE鎌倉）,
神奈川,レ,レンブラントホテル海老名,
神奈川,レ,元町異人館,
神奈川,ロ,ロイヤルマナーフォートベルジュール,
埼玉,ア,アルタビスタガーデン（ALTAVISTA GARDEN）,
埼玉,ア,大宮アートグレイスウエディングシャトー,
埼玉,ア,アニヴェルセル 大宮,
埼玉,ア,アメイジンググレイス本庄（アメイジンググレイスホンジョウ）,
埼玉,ア,アーヴェリール迎賓館(大宮),
埼玉,ア,アルカーサル迎賓館 川越,
埼玉,ア,アロケートウェディング・メセナ大宮館,
埼玉,ウ,ウエディングホール ラ・ボア・ラクテ,
埼玉,ヴ,ヴィラ・デ・マリアージュさいたま,
埼玉,ヴ,ヴィラ・デ・マリアージュ越谷レイクタウン,
埼玉,エ,エグリーズドゥ葉山庵（eglise de葉山庵）,
埼玉,オ,大宮璃宮,
埼玉,オ,大宮清水園,
埼玉,オ,OMIYA MONOLITH（大宮モノリス）,
埼玉,カ,川越氷川神社・氷川会館,
埼玉,カ,川越東武ホテル,
埼玉,ガ,ガーデンヒルズ迎賓館 大宮(さいたま新都心) ,
埼玉,キ,キャメロットヒルズ（Camelot Hills）,
埼玉,キ,キングアンバサダーホテル熊谷,
埼玉,サ,埼玉グランドホテル深谷,
埼玉,ザ,THE ROYAL DYNASTY（ザ ロイヤル ダイナスティ）,
埼玉,ス,ステラ・デル・アンジェロ,
埼玉,セ,セントアクアチャペル大宮,
埼玉,チ,小さな結婚式 大宮店,
埼玉,チ,小さな結婚式 ロイヤルパインズホテル浦和チャペル,
埼玉,チ,小さな結婚式 浦和店,
埼玉,ハ,HATSUNEYA GARDEN -since 1868 KAWAGOE- ,
埼玉,パ,パレスホテル大宮（Palace Hotel Omiya）,
埼玉,フ,二葉楼（FUTABAROふたばろう）,
埼玉,フ,フランス料理 ビストロやま,
埼玉,フ,フラールガーデン春日部,
埼玉,プ,Pleats.I（プリーツドットアイ）,
埼玉,プ,プリティチャペル大宮店,
埼玉,プ,プリムローズ有朋,
埼玉,ベ,大宮サンパレス ブライダルステージ GLANZ（グランツ）,
埼玉,ベ,ベルヴィ武蔵野,
埼玉,ベ,BELLE VIE THE GRAND（ベルヴィ ザ・グラン）,
埼玉,ベ,ベルヴィギャザホール/ハウス オブ ザ マカロン（BelleVie GAZA HALL/HOUSE OF MACARON）,
埼玉,ベ,ベルヴィ ディアナ・マリエール,
埼玉,ホ,ホテルブリランテ武蔵野,
埼玉,ホ,ホテルガーデンパレス@GARDEN（アットガーデン）,
埼玉,ム,武蔵一宮氷川神社,
埼玉,ラ,ラ・クラリエール,
埼玉,ラ,ラグナヴェール スカイテラス（LAGUNAVEIL SkyTerrace）,
埼玉,ル,ルクリアモーレさいたま,
埼玉,ロ,ロイヤルパインズホテル浦和,
埼玉,ワ,ワイズダイニング（y's dining）,
千葉,ア,アートグレイス ウエディングコースト 東京ベイ,
千葉,ア,AMANDAN SAIL（アマンダンセイル）,
千葉,ア,アニヴェルセル 柏,
千葉,ア,アーセンティア迎賓館(柏),
千葉,ア,Accord Herbe（アコールハーブ）,
千葉,ウ,ウエディングヒル 東京ベイ幕張,
千葉,ウ,浦安ブライトンホテル東京ベイ,
千葉,エ,ANAクラウンプラザホテル成田,
千葉,エ,VILLA de ESPOIR.,
千葉,オ,オリエンタルホテル東京ベイ,
千葉,オ,オークラアカデミアパークホテル,
千葉,オ,オークラ千葉ホテル,
千葉,グ,グラン・サウスオーシャンズ,
千葉,ケ,京成ホテル ミラマーレ,
千葉,サ,佐原商家町ホテル NIPPONIA,
千葉,ザ,ザ・ミーツ マリーナテラス,
千葉,ザ,The Chelsea Court（ザ・チェルシーコート）,
千葉,ザ,ザ・クレストホテル柏,
千葉,ザ,THE SURF OCEAN TERRACE（ザ・サーフ オーシャンテラス）,
千葉,シ,シェラトン・グランデ・トーキョーベイ・ホテル,
千葉,ス,リソル生命の森,
千葉,ス, 翠州亭(国登録有形文化財),
千葉,セ,セント・マーガレット ウエディング（ST.MARGARET WEDDING）,
千葉,セ,千葉セントグレース ヴィラ,
千葉,セ,新浦安 セントアンドリュース教会,
千葉,チ,小さな結婚式 千葉店,
千葉,チ,チャペル リベルテ,
千葉,デ,ディズニーアンバサダーホテル,
千葉,ト,東京ベイ舞浜ホテル ファーストリゾート,
千葉,ト,東京ディズニーシー・ホテルミラコスタ,
千葉,ト,東京ベイ舞浜ホテル,
千葉,ナ,成田ビューホテル,
千葉,バ,BARN&FOREST,
千葉,ヒ,ヒルトン東京ベイ,
千葉,ヒ,ヒルトン成田,
千葉,ベ,ベイサイドパーク迎賓館(千葉みなと),
千葉,ホ,ホテルフランクス,
千葉,ホ,ホテルオークラ東京ベイ,
千葉,ホ,ホテルニューオータニ幕張,
千葉,ホ,ホテル ザ・マンハッタン,
千葉,ホ,ホテルスプリングス幕張,
千葉,ホ,ホテル日航成田,
千葉,ホ,ホテルグリーンタワー幕張,
千葉,ホ,ホテルポートプラザちば,
千葉,ホ,SPA & HOTEL 舞浜ユーラシア（スパアンドホテルマイハマユーラシア）,
千葉,ラ,ラ・セーヌブランシュ,
千葉,ロ,ロイヤルガーデンパレス 柏 日本閣,
長野,ア,アネーリ軽井沢,
長野,ア,アルモニービアン（HARMONIE BIEN）,
長野,ア,AMANDAN SKY（アマンダンスカイ）,
長野,ア,アニヴェルセル 長野,
長野,イ,石の教会 内村鑑三記念堂（いしのきょうかい うちむらかんぞうきねんどう）,
長野,ヴ,ヴィラ・デ・マリアージュ 軽井澤,
長野,ヴ,ヴィラ・デ・マリアージュ 長野,
長野,ヴ,ヴィラ・デ・マリアージュ松本,
長野,エ,エクシブ蓼科,
長野,カ,軽井沢高原教会（かるいざわこうげんきょうかい）,
長野,カ,軽井沢プリンスホテル フォレスターナ軽井沢,
長野,カ,軽井沢クリークガーデン,
長野,カ,聖パウロカトリック教会,
長野,カ,軽井沢倶楽部 有明邸,
長野,ガ,ガーデンヒルズ迎賓館(松本),
長野,キ,"KYUKARUIZAWA KIKYO,Curio Collection by Hilton （旧名：旧軽井沢ホテル）（キュウカルイザワ キキョウ, キュリオ・コレクション by ヒルトン）",
長野,キ,旧軽井沢礼拝堂 / 旧軽井沢 ホテル音羽ノ森,
長野,サ,THE SAIHOKUKAN HOTEL,
長野,ザ,THE FUJIYA GOHONJIN（藤屋御本陳）,
長野,ザ,ザ・ラシュランコート （旧名：ヴィラアンジェリカ松本）,
長野,ザ,THE FIVE SEASONS,
長野,ジ,軽井沢ホテルブレストンコート ジェネラス軽井沢,
長野,ス,スタイリッシュウェディング ヴィーナスコート 佐久平,
長野,ス,スタイリッシュウェディング ヴィーナスコート 長野,
長野,セ,蓼科高原教会セントブライズ教会（St.Bride's）,
長野,チ,誓いの森 イストアール,
長野,テ,リバーフロントスクエア テラス グランツ（River Front Square TERRACE GLANZ）,
長野,ナ,長野玉姫殿,
長野,フ,フェリスクレール,
長野,ホ,星野リゾート 軽井沢ホテルブレストンコート,
長野,ホ,ホテル軽井沢エレガンス(森のチャペル軽井沢礼拝堂),
長野,ホ,ホテル メルパルク長野,
長野,ホ,ホテルメトロポリタン長野,
長野,ホ,ホテル国際21,
長野,ホ,ホテルハーヴェスト旧軽井沢,
長野,マ,マリエール諏訪,
長野,マ,万平ホテル,
長野,ユ,ゆとりろ軽井沢ホテル,
長野,ラ,ラ・マーレ プライベートガーデン,
長野,ル,ルグラン軽井沢ホテル&リゾート,
長野,レ,レセプションハウス ザ・ブライトガーデン,
長野,ワ,サンクゼール,
静岡,ア,AMANDAN RISE（アマンダンライズ）,
静岡,ア,アーセンティア迎賓館(浜松),
静岡,ア,アルコラッジョ マリエール（arcoraggio Marriyell）,
静岡,ア,アクアガーデン迎賓館(沼津),
静岡,ア,THE ABBEY CHURCH（アビー・チャーチ）,
静岡,ア,アーセンティア迎賓館(静岡),
静岡,ア,アヴェニール ガーデン （旧名：セント・オルコットガーデン）,
静岡,ア,アンフルール,
静岡,ア,ARBRE ORANGE（アーブル オランジュ）,
静岡,ア,淡島ホテル,
静岡,イ,izumoden掛川（イズモデン カケガワ）,
静岡,イ,izumoden 浜松（イズモデン ハママツ）,
静岡,ウ,WEDDING FANTASIA（ウェディングファンタジア）,
静岡,エ,エスプリ・ド・ナチュール,
静岡,エ,THE ESTREAL（エストリアル）,
静岡,オ,オークラアクトシティホテル浜松,
静岡,オ,大井神社宮美殿（おおいじんじゃみやびでん）,
静岡,オ,オリゾンブルー（HORIZON BLEU）,
静岡,オ,小國神社（おくにじんじゃ）,
静岡,キ,キャトルセゾン浜松,
静岡,ク,KURETAKESO（クレタケソウ）,
静岡,ク,クィーンズヒル,
静岡,グ,グランディエール,
静岡,ゴ,御殿場高原時之栖,
静岡,ザ,THE MORRIS（みしまプラザホテル）,
静岡,ザ,ザ・ハウス愛野（THE HOUSE AINO）,
静岡,ザ,THE VILLA HAMANAKO（ヴィラハマナコ）,
静岡,ザ,THE KUSUNOKI CLUB（ザ クスノキ クラブ）,
静岡,シ,シーサイドヴィラ マウロ・アネーラ,
静岡,ジ,THE ORIENTAL TERRACE HIDEAWAY（ジ オリエンタル テラス ハイダウェイ）,
静岡,ナ,中伊豆ワイナリー シャトーT.S,
静岡,ニ,日本平ホテル,
静岡,ヌ,沼津リバーサイドホテル（RIVERSIDE HOTEL NUMAZU）,
静岡,ハ,ハートフィールド マナーハウスウエディング,
静岡,ハ,浜名湖オーベルジュキャトルセゾン,
静岡,フ,浮月楼（ふげつろう）,
静岡,フ,フィオレンティーナ（Ristrante Fiorentina）,
静岡,プ,プレシャスガーデン セントクロワール,
静岡,ベ,ベイサイド迎賓館(静岡),
静岡,ベ,ベルヴィ ラヴァンセーヌ,
静岡,ベ,ペアステージノイ,
静岡,ホ,ホテルグランヒルズ静岡 （旧名：ホテルセンチュリー静岡）,
静岡,ホ,ホテルコンコルド浜松,
静岡,ホ,C-STYLE(ホテル沼津キャッスル内),
静岡,ホ,ホテルアソシア静岡,
静岡,ホ,ホテルニューアカオ,
静岡,ホ,THE GOTEMBAKAN（ザ・ゴテンバカン）,
静岡,ホ,ホテルグランド富士,
静岡,ホ,ホテルクラウンパレス浜松,
静岡,マ,マンダリンアリュール（MANDARIN ALLURE）,
静岡,ミ,ミュゼ 四ツ池（よついけ）,
静岡,ラ,ラピスコライユ（LAPIS CORAIL）,
静岡,ラ,THE LUXSCENA（ザ・ラグシエナ）,
静岡,ラ,ラピスアジュール（LAPIS AZUR）,
静岡,ラ,ラトリエ・ドゥ・マリエ（L`atelier de MARIEE）,
静岡,ル,ル・グラン・ミラージュ,
静岡,ロ,ロイヤル セント ヨーク,
愛知,ア,アルカンシエルリュクスマリアージュ名古屋,
愛知,ア,アートグレース ウエディング スクエア,
愛知,ア,アルカンシエルガーデン名古屋,
愛知,ア,アプローズスクエア名古屋,
愛知,ア,アニヴェルセル 白壁,
愛知,ア,アンジェローブ,
愛知,ア,ALILAGARDEN RESORT（アリラガーデンリゾート）,
愛知,ア,アール・ベル・アンジェNagoya,
愛知,ア,アーヴェリール迎賓館(名古屋),
愛知,ア,熱田神宮会館,
愛知,ア,AMANDAN TERRACE（アマンダンテラス）,
愛知,ア,アージェントパルム（Argent Parme）,
愛知,ア,アルモニー ヴィラ オージャルダン,
愛知,ア,Asiana（アジアナ）,
愛知,ア,アクアガーデン迎賓館(岡崎),
愛知,ア,アンジェリーナ・スイート（Angelina Sweet）,
愛知,ア,ホワイトベル豊橋/アンジュガーデン,
愛知,イ,ILBEIGE（イルベイジュ）,
愛知,イ,岩崎台倶楽部グラスグラス,
愛知,イ,インフィニート名古屋,
愛知,イ,e oriental banquet（イーオリエンタルバンケット）,
愛知,イ,izumoden 豊橋,
愛知,イ,伊良湖ビューホテル,
愛知,ウ,ウエディング・オブ・レジェンド グラストニア,
愛知,ウ,ウェディングチャペルアンジェラ,
愛知,ヴ,ヴェルミヨンバーグ名古屋,
愛知,ヴ,ヴィヴィエ （旧名：マリエール小牧）,
愛知,ヴ,ヴィラ・ド・ナチュール 豊田写眞夢楽,
愛知,エ,ANAクラウンプラザホテルグランコート名古屋,
愛知,エ,AILE d'ANGE NAGOYA（エルダンジュ ナゴヤ）,
愛知,エ,エノテーカ ピンキオーリ名古屋（ENOTECA PINCHIORRI NAGOYA）,
愛知,エ,エール・フォルトゥーナ,
愛知,エ,AILE d'ANGE garden（エル・ダンジュ ガーデン）,
愛知,オ,The Opera オペラ,
愛知,オ,オーベルジュ・ド・リル ナゴヤ,
愛知,オ,オランジュ:ベール（Orange Vert）,
愛知,カ,覚王山ル・アンジェ教会,
愛知,カ,川原神社,
愛知,カ,神楽家,
愛知,ガ,ガーデンレストラン徳川園,
愛知,ガ,GAMAGORI CLASSIC HOTEL（蒲郡クラシックホテル）,
愛知,ガ,ガーデンテラス 東山,
愛知,キ,キャッスルプラザ,
愛知,ク,CREER BAYSIDE（クレール ベイサイド）,
愛知,ク,クルヴェット名古屋（Crevette名古屋）,
愛知,ク,CLUB DE CREER GEIHINKAN - クラブ ドゥ クレール迎賓館,
愛知,ク,クアドリフォリオ,
愛知,グ,GRANDARCHE WEDDING HILLS（グランダルシュウエディングヒルズ）,
愛知,グ,グランシェル岡崎,
愛知,ケ,KKRホテル名古屋,
愛知,ゲ,セレッソ （旧名：ロゼ・フランシーズ）,
愛知,ゲ,THE GATEHOUSE（ゲートハウス）,
愛知,コ,Concept1/f（コンセプト・エフブンノイチ）,
愛知,ザ,ザ・グランドティアラ岡崎,
愛知,ザ,ザ  カワブンナゴヤ（THE KAWABUN NAGOYA）,
愛知,ザ,THE NANZAN HOUSE,
愛知,ザ,ザ・グロー オリエンタル名古屋,
愛知,ザ,THE TOWER HOTEL NAGOYA（ザ タワーホテル ナゴヤ）,
愛知,ザ,THE CONDER HOUSE（ザ コンダー ハウス）,
愛知,ザ,ザ・グランドティアラ一宮,
愛知,ザ,THE GRASS HOUSE 桜の杜,
愛知,ザ,ザ シーズンズランドマーク名古屋//白壁（THE SEASONS LANDMARK NAGOYA SHIRAKABE）,
愛知,ザ,The Forest of Lold,
愛知,ザ,The Palm Garden Orient Villa   〈エルフラットグループ〉,
愛知,ス,スウィートローゼスクラブ岡崎,
愛知,ス,ストリングス ウエディングヒルズ,
愛知,ス,ストリングスホテル 名古屋（THE STRINGS HOTEL NAGOYA）,
愛知,ス,ストリングスホテル 名古屋（THE STRINGS HOTEL NAGOYA）,
愛知,ス,スターゲイト（Star Gate）,
愛知,セ,セレブレーション!ステラ,
愛知,セ,セントグレース大聖堂 the Garden by NEXT WEDDING,
愛知,セ,セントアクアチャペル八事,
愛知,セ,セントアクアチャペル名古屋港,
愛知,タ,龍城神社,
愛知,チ,小さな結婚式 名古屋店,
愛知,チ,中部国際空港セントレア,
愛知,ト,トリフォーリアNAGOYA,
愛知,ナ,名古屋ガーデンパレス（ナゴヤガーデンパレス）,
愛知,ナ,名古屋マリオットアソシアホテル,
愛知,ナ,名古屋東急ホテル,
愛知,ナ,名古屋観光ホテル,
愛知,ナ,河文,
愛知,ネ,Neo Japanesque Wedding 百花籠,
愛知,ネ,NEST By the SEA,
愛知,ノ,ノリタケの森 レストラン キルン,
愛知,ハ,茶寮 花の宴（hana no utage）,
愛知,ハ,八勝館,
愛知,ヒ,ヒルトン名古屋,
愛知,ビ,BIANCARA HILLSIDE TERRACE（ビアンカーラ ヒルサイドテラス）,
愛知,ビ,BIANCARA MARINA TERRACE（ビアンカーラ マリーナ テラス）,
愛知,ピ,Pinco Picon,
愛知,フ,フェリシアコート,
愛知,フ,フレアージュ葵,
愛知,フ,普門園（FUMON-EN）,
愛知,フ,FORESTA HILLS,
愛知,ブ,ブルー:ブラン（Bleu Blanc）,
愛知,ブ,ブルーレマン名古屋（Bleu Leman名古屋）,
愛知,ブ,ブラン:ベージュ（Blanc Beige）,
愛知,ベ,ベルアンジュール,
愛知,ホ,星ヶ丘 アートグレイスクラブ,
愛知,ホ,ホテルアークリッシュ豊橋,
愛知,ホ,HOTEL MIELPARQUE NAGOYA（ホテル メルパルク 名古屋）,
愛知,ホ,ホテルナゴヤキャッスル,
愛知,ホ,ホテルグランドティアラ安城,
愛知,ホ,ホワイトチャペル,
愛知,ホ,ホテルグランドティアラ春日井,
愛知,ボ,ボン・マリアージュ チャペル 名古屋,
愛知,ボ,ボン・マリアージュ チャペル 名駅,
愛知,マ,マリエカリヨン名古屋,
愛知,マ,マリエール山手,
愛知,マ,マリエール岡崎,
愛知,マ,マリエール ガーデン バーベナ（Marriyell Garden Verbena）,
愛知,マ,マンダリンポルト（Mandarin Port）,
愛知,マ,MAXI MANIS（マキシマニス）,
愛知,マ,ウエディングハウス マナリゾート,
愛知,ミ,三河湾リゾートリンクス,
愛知,ミ,MIRAIE Wedding,
愛知,メ,MEDI（メディ―）,
愛知,メ,博物館明治村,
愛知,モ,モアチェモアチェ moitie moitie,
愛知,ヨ,よし川,
愛知,ラ,ララシャンスOKAZAKI迎賓館,
愛知,ラ,LAZOR GARDEN NAGOYA（ラソールガーデン名古屋）,
愛知,ラ,Rapport ラポール,
愛知,ラ,ラグナスイート 名古屋 ホテル&ウエディング,
愛知,ラ,LA TABLE Aoyama（ラ・ターブル アオヤマ）,
愛知,ラ,ラグナヴェール 名古屋（LAGUNAVEIL NAGOYA）,
愛知,ラ,La source ANN（ラ・スースアン）,
愛知,リ,リトル・リトリート,
愛知,リ,か茂免,
愛知,リ,松楓閣,
愛知,リ,リストランテ イルノド,
愛知,リ,賀城園,
愛知,ル,ルクリアモーレ名古屋,
愛知,ル,ルージュ:ブラン（Rouge Blanc）,
愛知,ル,ルージュアルダン（Rouge Ardent）,
愛知,ル,LUCENT Mariage Tower（ルーセント マリアージュ タワー）,
愛知,レ,レストラン クラブ リド（RESTAURANT CLUB LIDO）,
愛知,ロ,ローズコートホテル,
愛知,ワ,若宮の杜 迎賓館/若宮八幡社,
大阪,ア,アートグレイス ウエディングコースト,
大阪,ア,アルカンシエルリュクスマリアージュ大阪,
大阪,ア,アルモニーアンブラッセ ウエディングホテル,
大阪,ア,アニヴェルセル 大阪,
大阪,ア,アヴァンセ リアン 大阪（AVANCER LIEN OSAKA）,
大阪,ア,アンジェリカノートルダム,
大阪,ア,アニヴェルセル 江坂,
大阪,ア,アイネスヴィラノッツェ大阪（アイネスヴィラノッツェオオサカ）,
大阪,ア,アクアガーデンテラス(大阪),
大阪,ア,アーフェリーク迎賓館(大阪),
大阪,ア,アイネス ヴィラノッツェ オーシャンポートサイド,
大阪,ア,アーセンティア迎賓館(大阪),
大阪,ア,アルモニーアンブラッセ イットハウス （旧名：アーセンティア大使館(大阪)）,
大阪,ア,アールベルアンジェ堺（アールベルアンジェサカイ）,
大阪,ア,アンジュ デ ラヴィ,
大阪,ア,アンシェルデ・マリアージュ,
大阪,ア,アラスカ フェスティバルタワー ウエディング,
大阪,ア,阿部野神社,
大阪,イ,インターコンチネンタルホテル大阪,
大阪,ウ,WEDDING TERRACE（ウエディングテラス）,
大阪,ウ,ウェスティンホテル大阪,
大阪,ウ,Wedding Space Lover's Mahalo,
大阪,ウ,梅田スカイビル,
大阪,ヴ,ヴィアーレ大阪,
大阪,エ,ANAクラウンプラザホテル大阪 （旧名：大阪全日空ホテル）,
大阪,オ,大阪城西の丸庭園 大阪迎賓館,
大阪,オ,ホテル大阪ガーデンパレス,
大阪,オ,OSAKA St.BATH CHURCH（大阪セントバース教会）,
大阪,オ,大阪天満宮,
大阪,オ,大阪市中央公会堂,
大阪,オ,サンパレス,
大阪,オ,オーシャンスイート（OCEAN SUITE）,
大阪,オ,大阪聘珍樓,
大阪,カ,Casa Noble OSEIRYU（カーザ ノーブレ オ・セイリュウ）,
大阪,カ,関西エアポートワシントンホテル,
大阪,ガ,ガーデンシティクラブ大阪,
大阪,キ,キャッスルガーデンOSAKA,
大阪,キ,旧桜宮公会堂（きゅうさくらのみやこうかいどう）,
大阪,ク,クナーベ,
大阪,ク,クオーレ,
大阪,グ,GRAN AMO（グラン アーモ）,
大阪,グ,グロッタ デ アモーレ（Grotta dell′Amore）,
大阪,ケ,KKRホテル大阪,
大阪,ゲ,迎賓館（ゲイヒンカン）,
大阪,コ,コンラッド大阪,
大阪,ゴ,御霊神社,
大阪,サ,堺筋倶楽部（さかいすじくらぶ）,
大阪,ザ,The 33 Sense of Wedding（ザ・サーティスリー センス・オブ・ウエディング）,
大阪,ザ,ザ・ジョージアンテラス,
大阪,ザ,THE LANDMARK SQUARE OSAKA（ザ ランドマークスクエア オオサカ）,
大阪,ザ,THE GARDEN ORIENTAL OSAKA（ザガーデンオリエンタルオオサカ）,
大阪,ザ,ザ・リッツ・カールトン大阪,
大阪,ザ,THE GUEST HOUSE RANK,
大阪,シ,CITYPLAZA OSAKA HOTEL&SPA（シティプラザオオサカ ホテル＆スパ）,
大阪,シ,シェラトン都ホテル大阪,
大阪,シ,新大阪江坂 東急REIホテル,
大阪,ス,スイスホテル南海大阪,
大阪,ス,住吉大社吉祥殿,
大阪,セ,セントラファエロチャペル御堂筋,
大阪,セ,心斎橋セントグレース ヴィラ,
大阪,セ,セントアクアチャペル梅田,
大阪,セ,千里阪急ホテル,
大阪,セ,セント レジス ホテル 大阪,
大阪,セ,セントアクアチャペル大阪,
大阪,セ,セント フォレストチャペル なんば,
大阪,ゼ,XEX WEST（ゼックス ウエスト）,
大阪,チ,小さな結婚式 大阪ハービスENT店,
大阪,チ,チャペル・ド・コフレ,
大阪,チ,小さな結婚式 大阪堀江店,
大阪,ツ,鶴見ノ森 迎賓館,
大阪,テ,帝国ホテル大阪,
大阪,デ,デュクラス大阪（DUCLASS OSAKA）,
大阪,ト,TOP30 WEDDING（トップサーティーウェディング）,
大阪,ナ,中之島ソーシャルイート アウェイク,
大阪,ナ,NAKANOSHIMA TERRACE #AND ME,
大阪,ナ,Natural Italian Hibiki,
大阪,ノ,ノートルダム大阪ONE,
大阪,ノ,NOVEL SHINSAIBASHI（ノベル シンサイバシ）,
大阪,ハ,ハイアットリージェンシー大阪,
大阪,ハ,小さな結婚式 ハイアットリージェンシー大阪店,
大阪,バ,バリラックス ザ ガーデン 梅田,
大阪,バ,バリラックス ザ ガーデン 南堀江,
大阪,パ,PARK SIDE HOUSE OSAKA （旧名：ロイヤルガーデン 大阪梅田）（パークサイドハウス大阪）,
大阪,ヒ,ヒルトン大阪,
大阪,フ,フリジェリオ,
大阪,ブ,BLEU GRACE OSAKA（ブルー グレース オオサカ）,
大阪,ブ,ブランスイート大阪,
大阪,ブ,BLANC RIRE 大阪（ブランリール オオサカ）,
大阪,ベ,ベルクラシック空港,
大阪,ベ,ベルクラシック大阪,
大阪,ホ,ホテルモントレ大阪,
大阪,ホ,ホテルモントレ ラ・スール大阪,
大阪,ホ,ホテルモントレ グラスミア大阪,
大阪,ホ,ホテル阪急インターナショナル,
大阪,ホ,ホテル メルパルク大阪,
大阪,ホ,ホテルロイヤルクラシック大阪,
大阪,ホ,ホテル日航大阪,
大阪,ホ,ホテルプラザオーサカ（HOTEL PLAZA OSAKA）,
大阪,ホ,ホテル阪神,
大阪,ホ,ホテルニューオータニ大阪,
大阪,ホ,ホテル・アゴーラ リージェンシー堺,
大阪,ホ,ホテルアウィーナ大阪,
大阪,ホ,ホテル大阪ベイタワー,
大阪,ホ,ホテルクライトン新大阪,
大阪,ミ,Mia Via（ミアヴィア）,
大阪,ミ,ミッテ,
大阪,メ,明治の森 箕面 音羽山荘（めいじのもり みのお おとわさんそう）,
大阪,メ,綿業会館,
大阪,モ,モンサンミッシェル大聖堂-ザ・ガーデンコートなんばパークス-,
大阪,モ,Montjuic（モンジュイック）,
大阪,モ,MODO DI PONTEVECCHIO（モード ディ ポンテベッキオ）,
大阪,ラ,ラグナヴェール プレミア（LAGUNAVEIL PREMIER）,
大阪,ラ,ラグナヴェール 大阪（LAGUNAVEIL OSAKA）,
大阪,ラ,ラソールガーデン大阪,
大阪,ラ,ラ・フェット ひらまつ,
大阪,ラ,ラ・メゾンSuite りんくう,
大阪,リ,リヴァージュブラン（RIVAGE BLANC）,
大阪,リ,リーガロイヤルホテル大阪,
大阪,リ,RIVER BANK OSAKA（リバーバンク大阪）,
大阪,リ,リストランテ ル・ミディひらまつ,
大阪,リ,LITTLEMARY CHURCH ウォーターフロント堂島（リトルメリー教会）,
大阪,リ,リストランテ・サリーレ,
大阪,ル,ル・センティフォーリア天保山（ル・センティフォーリアテンポウザン）,
大阪,ル,ル・センティフォーリア大阪（ル・センティフォーリアオオサカ）,
大阪,ル,ルクリアモーレ大阪,
大阪,ル,ル・クロ・ド・マリアージュ,
大阪,ル,ルポンドシエル,
大阪,ル,ル・プティ・ジャルダン（Le Petit Jardin）,
大阪,ル,ル・ジャルダン,
大阪,レ,envue （旧名：チャペル・コル）（アンヴュー）,
兵庫,ア,アートグレイス ネクスト アシヤ,
兵庫,ア,アニヴェルセル神戸,
兵庫,ア,ア・ラ・モード パレ&ザ・リゾート（A LA MODE PALAIS&THE RESORT）,
兵庫,ア,アーヴェリール迎賓館(姫路),
兵庫,ア,ASHIYA MONOLITH 旧逓信省芦屋別館（芦屋モノリス）,
兵庫,ア,アルモニーアッシュ,
兵庫,ア,アプロディールハート,
兵庫,ア,アンクィール（ENCUEIL）,
兵庫,ア,芦屋山手倶楽部,
兵庫,ア,アンジュエール姫路店,
兵庫,イ,生田神社,
兵庫,ウ,ウエコン神戸（WEDDING COMFORT ISLAND KOBE）,
兵庫,ウ,ラヴィーナ姫路,
兵庫,ウ,ウエコン神戸（WEDDING COMFORT ISLAND KOBE）,
兵庫,ウ,ウエディングマナーハウス ラヴィーナ相生,
兵庫,ウ,ウルティモ,
兵庫,エ,エスタシオン・デ・神戸,
兵庫,エ,ANAクラウンプラザホテル神戸,
兵庫,エ,エル デ アンジュ 芦屋（Elle de Ange Ashiya）,
兵庫,エ,ANAクラウンプラザホテル神戸,
兵庫,エ,エクシブ有馬離宮,
兵庫,オ,ORIENTAL HOTEL(オリエンタルホテル神戸・旧居留地),
兵庫,オ,OCEAN PLACE（オーシャンプレイス）,
兵庫,オ,オーベルジュ豊岡1925,
兵庫,カ,関西学院会館,
兵庫,カ,Cashaウェディング 神戸北野,
兵庫,カ,カサブランカフランセーズ,
兵庫,カ,柿本神社,
兵庫,キ,北野クラブ ソラ ,
兵庫,キ,北野異人館 旧レイン邸（きたのいじんかん きゅうれいんてい）,
兵庫,キ,北野異人館 旧クルペ邸,
兵庫,キ,北野天満神社,
兵庫,キ,北野クラブ（キタノクラブ）,
兵庫,キ,北野ガーデン,
兵庫,キ,北野プルマリア（PREMARIA）,
兵庫,キ,北野異人館 旧ムーア邸,
兵庫,キ,北野クラブ,
兵庫,グ,グランドニッコー淡路（グランドニッコーアワジ）,
兵庫,グ,グリーンヒルホテル神戸,
兵庫,コ,神戸セントモルガン教会（KOBE St.MORGAN CHURCH）,
兵庫,コ,神戸迎賓館 旧西尾邸,
兵庫,コ,神戸メリケンパークオリエンタルホテル,
兵庫,コ,神戸北野 ル・ヴァン ヴェール,
兵庫,コ,神戸ポートピアホテル,
兵庫,コ,神戸北野サッスーン邸,
兵庫,コ,神戸北野 ハンター迎賓館,
兵庫,コ,神戸北野ホテル,
兵庫,コ,神戸ホテルフルーツ・フラワー 「ブライズハウス」,
兵庫,コ,神戸旧居留地 VILLA BLANCHE（ヴィラブランシュ）,
兵庫,コ,神戸ベイシェラトンホテル&タワーズ,
兵庫,コ,オーシャンスイート(神戸メリケンパークオリエンタルホテル内),
兵庫,コ,北野神戸 モンセラット（Moncelat）,
兵庫,コ,神戸聖ミカエル教会,
兵庫,コ,神戸北野教会,
兵庫,ザ,ザ・ヒルサイド神戸,
兵庫,ザ,THE MARCUS SQUARE KOBE（ザ マーカススクエア 神戸）,
兵庫,ザ,THE GARDEN PLACE SOSHUEN（蘇州園）,
兵庫,ザ,ザ・ロイヤルクラシック姫路,
兵庫,ザ,THE MARCUS SQUARE KOBE（ザ マーカス スクエア 神戸）,
兵庫,ザ,THE SORAKUEN（相楽園 / ザ ソウラクエン）,
兵庫,ザ,HEWITT WEDDING（ヒューイットウエディング）,
兵庫,ザ,ザ・セレクトンプレミア 神戸三田ホテル,
兵庫,ザ,THE SEASONS LANDMARK KOBE KITANO　ザシーズンズランドマーク神戸北野,
兵庫,シ,白鷺宮 姫路護国神社,
兵庫,シ,シーサイドホテル舞子ビラ神戸,
兵庫,ジ,ジェームス邸,
兵庫,セ,セトレ ハイランドヴィラ,
兵庫,セ,清交倶楽部 商工会議所店,
兵庫,タ,竹田城 城下町 ホテル EN（えん）,
兵庫,タ,宝塚ホテル,
兵庫,チ,小さな結婚式 神戸モザイク店,
兵庫,チ,小さな結婚式 神戸西宮店(サンパレス六甲),
兵庫,デ,デゼーロ（deuxzero）,
兵庫,ト,TOWAE芦屋 （旧名：ルパ・シノワ芦屋）,
兵庫,ニ,ホテルキャッスルプラザ,
兵庫,ノ,ノートルダム神戸,
兵庫,ハ,播磨国総社,
兵庫,パ,レストラン 花の館 パラディ北野,
兵庫,ヒ,HILL SIDE HOUSE KOBE KITANO （旧名：ザ エクセレントヒルズ神戸北野）（ヒルサイドハウス神戸北野）,
兵庫,ヒ,HIMEJI MONOLITH 旧逓信省姫路別館（姫路モノリス）,
兵庫,ヒ,廣田神社,
兵庫,ヒ,姫路キヤッスルグランヴィリオホテル （旧名：姫路キャッスルホテル）,
兵庫,フ,福寿の蔵元 神戸酒心館,
兵庫,フ,ジャンティ・オジェ,
兵庫,ブ,ブルーミンメドー（BLOOMING MEADOWS）,
兵庫,ベ,ベルクラシック神戸,
兵庫,ベ,ベイサイド迎賓館(神戸),
兵庫,ベ,ベルクラシック姫路,
兵庫,ホ,ホテルモントレ姫路,
兵庫,ホ,ホテルプラザ神戸,
兵庫,ホ,ホテル ラ・スイート神戸ハーバーランド,
兵庫,ホ,ホテル日航姫路,
兵庫,ホ,ホテル セトレ,
兵庫,ホ,ホテルオークラ神戸,
兵庫,ホ,ホテル北野プラザ六甲荘（ホテルキタノプラザロッコウソウ）,
兵庫,ホ,ホテル トアロード,
兵庫,マ,MAIKO HOTELsince1919（舞子ホテル）,
兵庫,ミ,湊川神社,
兵庫,ミ,Hotel & Resorts MINAMIAWAJI （旧名：南淡路ロイヤルホテル）,
兵庫,メ,メゾン・ド・タカ 芦屋（Maison de Taka Ashiya）,
兵庫,ヤ,山手迎賓館(三宮),
兵庫,ユ,弓弦羽神社（ゆづるは）,
兵庫,ラ,ラヴィマーナ神戸（RAVIMANA KOBE）,
兵庫,ラ,ラ・スイート神戸オーシャンズガーデン,
兵庫,ラ,ララシャンスKOBE（神戸）,
兵庫,ラ,ラ・メゾンSuite姫路,
兵庫,ラ,La Casa MIO（ラ・カーサ ミーオ）,
兵庫,ル,ルシアスガーデン,
兵庫,ル,ルクリアモーレ神戸,
兵庫,ル,ルミエランジェ・ガーデン（Lumierange Garden）,
兵庫,ロ,ロイヤルパレス阪神,
京都,ア,AKAGANE RESORT KYOTO HIGASHIYAMA （アカガネリゾートキョウトヒガシヤマ）,
京都,ア,アイネス ヴィラノッツェ宝ヶ池（アイネス ヴィラノッツェタカラガイケ）,
京都,ア,アールベルアンジェ チャペル嵯峨野,
京都,ア,愛染倉（あぜくら）,
京都,ア,アトールテラス鴨川（ATOLL TERASSE KAMOGAWA）,
京都,イ,インスタイルウェディング京都（InStyle wedding KYOTO）,
京都,イ,今宮神社,
京都,ウ,ウェスティン都ホテル京都,
京都,ウ,宇治上神社,
京都,ヴ,ヴォヤージュ ドゥ ルミエール 京都七条迎賓館 （旧名：グランヴェルジュ京都七条倶楽部）,
京都,ヴ,VICEO（ヴィセオ）,
京都,エ,ANAクラウンプラザホテル京都,
京都,オ,ORIENTAL KYOTO SUZAKU-TEI 朱雀邸,
京都,オ,岡崎神社,
京都,オ,岡崎庵,
京都,カ,上賀茂神社(賀茂別雷神社)（かみがもじんじゃ）,
京都,カ,カールトンテラス,
京都,キ,KIYOMIZU 京都東山（キヨミズ 京都東山）,
京都,キ,京都セントアンドリュース教会,
京都,キ,京都祝言 SHU:GEN（キョウトシュウゲン）,
京都,キ,京都ガーデンパレス,
京都,キ,京都アートグレイス ウエディングヒルズ,
京都,キ,京都 北山モノリス（KYOTO KITAYAMA MONOLITH）,
京都,キ,北山ル・アンジェ教会,
京都,キ,京都ブライトンホテル,
京都,キ,京都ホテルオークラ,
京都,キ,北山迎賓館(京都),
京都,キ,京都御幸町レストラン CAMERON（キャメロン）,
京都,キ,京都ノーザンチャーチ北山教会,
京都,キ,京都東急ホテル,
京都,キ,東山山荘,
京都,キ,京都洛東迎賓館（きょうとらくとうげいひんかん）,
京都,キ,京都センチュリーホテル,
京都,ゲ,迎賓館シェーナ-PARTIR KYOTO-（ゲイヒンカンシェーナ パルティールキョウト）,
京都,コ,KOTOWA 京都 八坂,
京都,コ,KOTOWA 京都 中村楼（コトワ キョウト ナカムラロウ）,
京都,コ,高台寺ひらまつ,
京都,ザ,THE SODOH HIGASHIYAMA KYOTO（ザ ソウドウ ヒガシヤマ キョウト）,
京都,ザ,ザ オーク ガーデン（THE OAK GARDEN）,
京都,ザ,THE THOUSAND KYOTO（ザ・サウザンドキョウト）,
京都,ザ,ザ・リッツ・カールトン京都,
京都,ザ,THE SCREEN,
京都,シ,SHOZAN RESORT KYOTO（ショウザンリゾートキョウト）,
京都,シ,下鴨神社（しもがもじんじゃ）,
京都,ス,サンプラザ万助 エクスナム,
京都,セ,セントオーガスティン教会,
京都,セ,セントアクアチャペル京都,
京都,セ,元離宮二条城,
京都,セ,セントジェームズチャーチ（ST JAME'S CHURCH）,
京都,セ,西洋膳所おくむら 一乗寺本店,
京都,チ,小さな結婚式 京都店,
京都,チ,チャペルグリーンベル北白川,
京都,チ,長楽館,
京都,ト,東観荘,
京都,ド,同志社チャペル,
京都,ナ,長岡天満宮,
京都,ニ,二条城チャペル セント・アベニール,
京都,ハ,ハイアットリージェンシー京都,
京都,パ,PAVILION COURT(国登録有形文化財)（パビリオンコート）,
京都,フ,FUNATSURU KYOTO KAMOGAWA RESORT （フナツルキョウトカモガワリゾート）,
京都,フ,フォーチュンガーデン京都,
京都,プ,プチウェディング セジューラ,
京都,ヘ,平安神宮会館,
京都,ヘ,平安神宮,
京都,ホ,ホテルモントレ京都,
京都,ホ,ホテルグランヴィア京都,
京都,ホ,ホテル日航プリンセス京都,
京都,ほ,ほのぼの屋,
京都,マ,マリアージュグランデ,
京都,マ,マリアグレース北山貴賓館,
京都,マ,松尾大社,
京都,ミ,都ホテル 京都八条（ミヤコホテル キョウトハチジョウ）,
京都,ミ,京懐石 美濃吉本店 竹茂楼,
京都,ヤ,八坂神社,
京都,ヨ,吉田神社,
京都,ヨ,吉田山荘,
京都,リ,リバースイート京都鴨川迎賓館（リバースイートキョウトカモガワゲイヒンカン）,
京都,リ,リーガロイヤルホテル京都,
京都,ル,lu CREA -ル・クレア-,
福岡,ア,アルマリアン 福岡（ALMALIEN FUKUOKA）,
福岡,ア,赤坂ル・アンジェ教会,
福岡,ア,アーカンジェル迎賓館(天神),
福岡,ア,アーフェリーク迎賓館(小倉),
福岡,ア,アモーレヴォレ サンマルコ,
福岡,ア,アートクレフクラブ,
福岡,ア,アルモニーサンクウエディングホテル,
福岡,ア,アルカーサル・アヴィオ,
福岡,ア,アーフェリーク迎賓館(博多),
福岡,ア,アンジェ ラ フォンティーヌ,
福岡,ア,アートホテル小倉ニュータガワ,
福岡,ア,アークホテルロイヤル福岡天神,
福岡,ア,AN WEDDING WITH（アンウエディングウィズ）,
福岡,イ,IMURI（イムリ）,
福岡,ウ,WITH THE STYLE（ウィズザスタイル）,
福岡,ウ,WEEKEND HOUSE（ウィークエンドハウス）,
福岡,エ,ANAクラウンプラザホテル福岡,
福岡,エ,エクセレントガーデン（EXCELLENT GARDEN）,
福岡,オ,オーシャン&リゾート マリゾン（OCEAN&RESORT MARIZON）,
福岡,オ,オテルグレージュ,
福岡,オ,オリエンタルホテル福岡博多ステーション,
福岡,カ,カノビアーノ福岡,
福岡,カ,観山荘別館,
福岡,ガ,GARDEN WEDDING アルカディア小倉,
福岡,ガ,GARDEN TERRACE FUKUOKA（ガーデンテラス福岡）,
福岡,ク,QUANTIC（クアンティック）,
福岡,ク,萃香園ホテル（スイコウエンホテル）,
福岡,ク,小さな結婚式 QUANTIC,
福岡,グ,グランド ハイアット 福岡,
福岡,グ,グランドベルズ飯塚,
福岡,グ,GREAT FUN WEDDING ノース天神店（グレート ファン ウェディング）,
福岡,ケ,KKRホテル博多,
福岡,サ,Sayagatani garden aglass（鞘ヶ谷ガーデン アグラス）,
福岡,サ,桜坂セント・マルティーヌ教会,
福岡,サ,桜坂オノ【ONO】,
福岡,サ,僧伽小野（サンガオノ）,
福岡,ザ,THE MARCUS SQUAREアゴーラ福岡山の上ホテル&スパ（ザ マーカススクエア）,
福岡,ザ,The Matirtha Suite（ザ マティルタスイート）,
福岡,ザ,THE LUIGANS SPA&RESORT（ザ・ルイガンズ スパ&リゾート）,
福岡,ザ,ザ ヴィラズ 福岡（THE VILLAS 福岡）,
福岡,ザ,ザ・ロイヤルクラシック福岡,
福岡,ザ,THE BLUE RIVERWALK（ザブルーリバーウォーク）,
福岡,ザ,THE MONTON TERRACE MOJIKO（ザ モントン テラス 門司港）,
福岡,ザ,THE GARDEN（ザガーデン）,
福岡,シ,松柏園ホテル,
福岡,ジ,JR九州ステーションホテル小倉,
福岡,ソ,ソラリア西鉄ホテル,
福岡,タ,ザ・ブリティッシュヒルズ（THE BRITISH HILLS）,
福岡,ダ,太宰府迎賓館（ダザイフゲイヒンカン）,
福岡,ダ,Wグランラセーレ福岡,
福岡,チ,小さな結婚式 福岡店,
福岡,チ,千草ホテル,
福岡,テ,TENJIN MONOLITH（天神モノリス）,
福岡,ニ,西鉄グランドホテル,
福岡,ノ,ノートルダム マリノア,
福岡,ノ,ノートルダム北九州,
福岡,ノ,NOGAMI PRESIDENT HOTEL（のがみプレジデントホテル）,
福岡,ハ,博多サンヒルズホテル,
福岡,ハ,ハカタギ グランヒューリ,
福岡,ハ,筥崎宮ウェディング(本殿・儀式殿),
福岡,ハ,博多都ホテル,
福岡,ハ,筥崎宮ブライダル 清明殿,
福岡,ハ,博多百年蔵(国登録有形文化財),
福岡,バ,バサン,
福岡,パ,パドドゥ・ル・コトブキ -Hiyori-,
福岡,ヒ,ヒルトン福岡シーホーク,
福岡,フ,フレアージュ桜坂,
福岡,フ,福岡リーセントホテル,
福岡,フ,福岡サンパレスホテル&ホール,
福岡,フ,福岡縣護国神社,
福岡,ブ,ぶどうの樹,
福岡,ブ,ブリーズレイ・プライベートテラス,
福岡,ブ,ぶどうの樹 福津海岸通り,
福岡,プ,プレミアホテル門司港,
福岡,ベ,ベルクラシック小倉,
福岡,ベ,ベルクラシック福岡大濠,
福岡,ホ,ホテル日航福岡,
福岡,ホ,ホテルモントレ ラ・スール福岡,
福岡,ホ,ホテルオークラ福岡,
福岡,ホ,ホテルニューオータニ博多,
福岡,ホ,ホテル イル・パラッツォ,
福岡,ホ,星空のチャペル(ホテルクラウンパレス小倉),
福岡,ホ,ホテルマリノアリゾート福岡,
福岡,ホ,ホテルレガロ福岡,
福岡,ホ,ホテルマリターレ創世 久留米,
福岡,ホ,宝満宮 竈門神社（ほうまんぐう かまどじんじゃ）,
福岡,マ,マリコレ ウェディングリゾート,
福岡,マ,マリーゴールド門司港迎賓館,
福岡,マ,マリーゴールド 久留米,
福岡,マ,MARRYGOLD  PREMIER 【マリーゴールド プルミエ】,
福岡,マ,マリエ・ド・クール教会,
福岡,ミ,旧三井港倶楽部,
福岡,モ,モーリアクラシック久留米迎賓館,
福岡,モ,モーリアクラシック大牟田迎賓館,
福岡,ラ,ララシャンス博多の森,
福岡,ラ,ララシャンスベルアミー 鳥栖,
福岡,リ,RITZ5/リッツ5,
福岡,リ,リストランテKubotsu,
福岡,リ,リーガロイヤルホテル小倉,
福岡,ル,ルクリアモーレ福岡,
福岡,レ,レストランひらまつ博多（レストランヒラマツハカタ）,
福岡,レ,ハーバービレッジ,
福岡,レ,レストランMORI,
福岡,レ,レストラン花の木,
福岡,ロ,ロイヤルパークアルカディア,
福岡,ロ,ロイヤルチェスター福岡,
福岡,ロ,Royal Hotel 宗像 （旧名：玄海ロイヤルホテル）,
沖縄,ア,アイネス ヴィラノッツェ 沖縄,
沖縄,ア,アリビラ・グローリー教会,
沖縄,ア,アクアグレイス・チャペル,
沖縄,ア,ARLUIS SUITE ～海の教会～（アールイズ・スイート）,
沖縄,ア,アクアルーチェ・チャペル,
沖縄,ア,アートグレイス オーシャンフロントガーデンチャペル 沖縄,
沖縄,ア,アラマンダ チャペル（ALLAMANDA CHAPEL）,
沖縄,ア,アイネス ヴィラノッツェ in カヌチャベイ ～グラン・ブルーチャペル～,
沖縄,ア,葵の教会（アオイノキョウカイ）,
沖縄,ア,海の教会,
沖縄,ア,ANAインターコンチネンタル石垣リゾート,
沖縄,イ,ブルー インフィニティー/イル・ド・レ,
沖縄,ヴ,ヴォヤージュ ドゥ ルミエール 北谷,
沖縄,エ,エリスリーナ西原 ヒルズガーデン,
沖縄,オ,オクマ・フェリシア教会,
沖縄,オ,沖縄ハーバービューホテル,
沖縄,オ,沖縄かりゆしビーチリゾート・オーシャンスパ（Okinawa Kariyushi Beach Resort Ocean Spa）,
沖縄,オ,沖縄かりゆしアーバンリゾート・ナハ,
沖縄,カ,カフー リゾート フチャク コンド・ホテル（Kafuu Resort Fuchaku CONDO・HOTEL）,
沖縄,カ,カヌチャ・ステラ教会,
沖縄,カ,奏の教会（カナデノキョウカイ）,
沖縄,ク,クルデスール・チャペル,
沖縄,コ,コーラルヴィータ・チャペル,
沖縄,コ,古宇利島 空と海の教会,
沖縄,ザ,ザ・ギノザリゾート 美らの教会,
沖縄,ザ,ザ・ナハテラス,
沖縄,ザ,ザ・ブセナテラス,
沖縄,ザ,ザ・リッツ・カールトン沖縄,
沖縄,シ,サザンビーチ ホテル&リゾート シーシェルブルー,
沖縄,シ,白の教会,
沖縄,シ,シギラミラージュ ベイサイドチャペル,
沖縄,セ,セントレジェンダ OKINAWA（CENTLEGENDA OKINAWA）,
沖縄,セ,瀬良垣島教会,
沖縄,ダ,ダブルツリーbyヒルトン那覇首里城,
沖縄,チ,チャペルSUNS（チャペルサンズ）,
沖縄,チ,珊瑚の教会,
沖縄,チ,チャペル・ダイアモンドオーシャン,
沖縄,チ,北谷アラハ ビーチハウスウエディング,
沖縄,バ,s.バスプレス石垣,
沖縄,パ,パシフィックホテル沖縄,
沖縄,フ,フサキビーチリゾート ホテル&ヴィラズ,
沖縄,ブ,ブレスド バイ・ザ・シー(オリエンタルホテル 沖縄リゾート&スパ内),
沖縄,ホ,ホテル日航アリビラ ヨミタンリゾート沖縄,
沖縄,ホ,ホテルモーリアクラシック,
沖縄,ホ,ホテルロイヤルオリオン（HOTEL ROYAL ORION）,
沖縄,ホ,百名伽藍,
沖縄,ホ,ホテル ムーンビーチ,
沖縄,ポ,POSILLIPO（ポジリポ）,
沖縄,マ,マリンビジュー,
沖縄,マ,マリエールオークパイン,
沖縄,ミ,宮古島東急リゾート,
沖縄,モ,モントレ・ルメール教会,
沖縄,ラ,ラソール ガーデン・アリビラ クリスティア教会,
沖縄,ラ,ラグナガーデンホテル,
沖縄,リ,リザンシーパークホテル谷茶ベイ/リザン・ル・アンジュマリー教会,
沖縄,リ,リザンシーパークホテル谷茶ベイ/リザン・ル・アンジュマリー教会,
沖縄,ル,ルネッサンス・リベーラ教会,
沖縄,ロ,ロワジールホテル那覇,
沖縄,ロ,Royal Hotel 沖縄残波岬 （旧名：沖縄残波岬ロイヤルホテル ）,
